Country,Indicator Name,1960,1961,1962,1963,1964,1965,1966,1967,1968,1969,1970,1971,1972,1973,1974,1975,1976,1977,1978,1979,1980,1981,1982,1983,1984,1985,1986,1987,1988,1989,1990,1991,1992,1993,1994,1995,1996,1997,1998,1999,2000,2001,2002,2003,2004,2005,2006,2007,2008,2009,2010,2011,2012,2013,2014,2015,2016,2017,2018,2019,2020
Aruba,"Water productivity, total (constant 2010 US$ GDP per cubic meter of total freshwater withdrawal)",,,,,,,,,,,,,,,,,,,,,,,,,,,,,,,,,,,,,,,,,,,,,,,,,,,,,,,,,,,,,
Afghanistan,"Water productivity, total (constant 2010 US$ GDP per cubic meter of total freshwater withdrawal)",,,,,,,,,,,,,,,,,,,,,,,,,,,,,,,,,,,,,,,,,,,0.368066001,,,,,0.541889099,,,,,0.885261668,,,,,1.022642732,,,
Angola,"Water productivity, total (constant 2010 US$ GDP per cubic meter of total freshwater withdrawal)",,,,,,,,,,,,,,,,,,,,,,,,,,,,64.9548741,,,,,56.1080392,,,,,54.35369623,,,,,64.25129696,,,,,101.4421616,,,,,133.3652266,,,,,144.0740152,,,
Albania,"Water productivity, total (constant 2010 US$ GDP per cubic meter of total freshwater withdrawal)",,,,,,,,,,,,,,,,,,,,,,,,,,,,,,,,,3.411771784,,,,,3.688966574,,,,,4.719682775,,,,,8.163359836,,,,,10.37642764,,,,,11.7654776,,,
Andorra,"Water productivity, total (constant 2010 US$ GDP per cubic meter of total freshwater withdrawal)",,,,,,,,,,,,,,,,,,,,,,,,,,,,,,,,,,,,,,,,,,,,,,,,,,,,,,,,,,,,,
Arab World,"Water productivity, total (constant 2010 US$ GDP per cubic meter of total freshwater withdrawal)",,,,,,,,,,,,,,,,,,1.576663526,,,,,3.183422404,,,,,3.232511141,,,,,5.79615486,,,,,6.264010372,,,,20.96494188,6.871774474,,,18.71393287,,9.439676594,,,,,11.46286818,,,,,13.17109509,,,
United Arab Emirates,"Water productivity, total (constant 2010 US$ GDP per cubic meter of total freshwater withdrawal)",,,,,,,,,,,,,,,,,,,,,,,109.0299849,,,,,66.37344479,,,,,81.18733907,,,,,84.87986372,,,,,91.5112508,,,,,105.2744318,,,,,120.0227843,,,,,153.529323,,,
Argentina,"Water productivity, total (constant 2010 US$ GDP per cubic meter of total freshwater withdrawal)",,,,,,,,,,,,,,,,,,7.46629082,,,,,7.439003893,,,,,8.075341771,,,,,8.442711781,,,,,10.39870368,,,,,8.148225039,,,,,11.218396,,,,,11.79232013,,,,,12.17625216,,,
Armenia,"Water productivity, total (constant 2010 US$ GDP per cubic meter of total freshwater withdrawal)",,,,,,,,,,,,,,,,,,,,,,,,,,,,,,,,,,,,,,1.983262167,,,,,3.085012674,,,,,3.276028096,,,,,3.534034563,,,,,4.315758661,,,
American Samoa,"Water productivity, total (constant 2010 US$ GDP per cubic meter of total freshwater withdrawal)",,,,,,,,,,,,,,,,,,,,,,,,,,,,,,,,,,,,,,,,,,,,,,,,,,,,,,,,,,,,,
Antigua and Barbuda,"Water productivity, total (constant 2010 US$ GDP per cubic meter of total freshwater withdrawal)",,,,,,,,,,,,,,,,,,,,,,,,,,,,,,,,,332.5717869,,,,,263.1530191,,,,,217.6662534,,,,,288.9791002,,,,,264.5878827,,,,,308.4103714,,,
Australia,"Water productivity, total (constant 2010 US$ GDP per cubic meter of total freshwater withdrawal)",,,,,,,,,,,,,,,,,,,,,,,,,,,,,,,,,,,,,,33.9072283,,,,,43.357925,,,,,65.75332529,,,,,79.14942487,,,,,86.4937304,,,
Austria,"Water productivity, total (constant 2010 US$ GDP per cubic meter of total freshwater withdrawal)",,,,,,,,,,,,,,,,,,,,,,,61.78419544,,,,,63.34706366,,,,,75.04076428,,,,,83.32247968,,,,,96.83736696,,,,,111.8827648,,,,,116.3586057,,,,,123.5972493,,,
Azerbaijan,"Water productivity, total (constant 2010 US$ GDP per cubic meter of total freshwater withdrawal)",,,,,,,,,,,,,,,,,,,,,,,,,,,,,,,,,1.075549791,,,,,0.812586837,,,,,1.593823328,,,,,3.401735639,,,,,4.445917082,,,,,4.444316073,,,
Burundi,"Water productivity, total (constant 2010 US$ GDP per cubic meter of total freshwater withdrawal)",,,,,,,,,,,,,,,,,,,,,,,,,,,,16.19172093,,,,,10.98013669,,,,,5.814042868,,,,,5.471428415,,,,,6.339708898,,,,,7.883221328,,,,,8.277367933,,,
Belgium,"Water productivity, total (constant 2010 US$ GDP per cubic meter of total freshwater withdrawal)",,,,,,,,,,,,,,,,,,,,,,,29.99158091,,,,,33.62204474,,,,,40.04958363,,,,,48.19642273,,,,,61.95324792,,,,,76.45303025,,,,,92.96546112,,,,,132.1760609,,,
Benin,"Water productivity, total (constant 2010 US$ GDP per cubic meter of total freshwater withdrawal)",,,,,,,,,,,,,,,,,,,,,,,,,,,,31.68880179,,,,,30.97781212,,,,,39.22689202,,,,,55.28861226,,,,,66.92503674,,,,,79.15624421,,,,,100.2983649,,,
Burkina Faso,"Water productivity, total (constant 2010 US$ GDP per cubic meter of total freshwater withdrawal)",,,,,,,,,,,,,,,,,,,,,,,,,,,,10.01500919,,,,,9.839259254,,,,,10.24662526,,,,,8.354243122,,,,,10.46175202,,,,,14.05005151,,,,,18.13451468,,,
Bangladesh,"Water productivity, total (constant 2010 US$ GDP per cubic meter of total freshwater withdrawal)",,,,,,,,,,,,,,,,,,,,,,,,,,,,,,,,,,,,,,,,,,,,,,,,,,,,,3.644689593,,,,,5.017901276,,,
Bulgaria,"Water productivity, total (constant 2010 US$ GDP per cubic meter of total freshwater withdrawal)",,,,,,,,,,,,,,,,,,,,,,,2.455781859,,,,,3.235433249,,,,,4.763804392,,,,,4.936451955,,,,,5.435084038,,,,,7.88109359,,,,,9.056098305,,,,,10.44754975,,,
Bahrain,"Water productivity, total (constant 2010 US$ GDP per cubic meter of total freshwater withdrawal)",,,,,,,,,,,,,,,,,,,,,,,,,,,,,,,,,50.80252442,,,,,51.30612769,,,,,63.14635061,,,,,104.2352328,,,,,143.2107593,,,,,213.5348505,,,
"Bahamas, The","Water productivity, total (constant 2010 US$ GDP per cubic meter of total freshwater withdrawal)",,,,,,,,,,,,,,,,,,,,,,,,,,,,,,,,,,,,,,,,,,,,,,,,,,,,,,,,,,,,,
Bosnia and Herzegovina,"Water productivity, total (constant 2010 US$ GDP per cubic meter of total freshwater withdrawal)",,,,,,,,,,,,,,,,,,,,,,,,,,,,,,,,,,,,,,,,,,,33.11176153,,,,,42.73804746,,,,,39.29420822,,,,,48.72811387,,,
Belarus,"Water productivity, total (constant 2010 US$ GDP per cubic meter of total freshwater withdrawal)",,,,,,,,,,,,,,,,,,,,,,,,,,,,,,,,,,,,,,12.29221107,,,,,17.27773577,,,,,29.26314449,,,,,40.19952095,,,,,43.34586781,,,
Belize,"Water productivity, total (constant 2010 US$ GDP per cubic meter of total freshwater withdrawal)",,,,,,,,,,,,,,,,,,,,,,,,,,,,19.27831149,,,,,18.78637049,,,,,9.973578036,,,,,10.37241263,,,,,12.76412213,,,,,14.23314456,,,,,15.66919358,,,
Bermuda,"Water productivity, total (constant 2010 US$ GDP per cubic meter of total freshwater withdrawal)",,,,,,,,,,,,,,,,,,,,,,,,,,,,,,,,,,,,,,,,,,,,,,,,,,,,,,,,,,,,,
Bolivia,"Water productivity, total (constant 2010 US$ GDP per cubic meter of total freshwater withdrawal)",,,,,,,,,,,,,,,,,,,,,,,,,,,,6.719696315,,,,,6.482268432,,,,,6.797270516,,,,,7.030079498,,,,,8.294354422,,,,,10.40761695,,,,,13.35292594,,,
Brazil,"Water productivity, total (constant 2010 US$ GDP per cubic meter of total freshwater withdrawal)",,,,,,,,,,,,,,,,,,,,,,,,,,,,33.95918651,,,,,26.09723535,,,,,26.51346079,,,,,28.33003121,,,,,31.45473295,,,,,33.5065441,,,,,34.87646058,,,
Barbados,"Water productivity, total (constant 2010 US$ GDP per cubic meter of total freshwater withdrawal)",,,,,,,,,,,,,,,,,,55.18175369,,,,,53.2,,,,,53.67407407,,,,,45.39333333,,,,,48.01234568,,,,,51.35802469,,,,,69.28571429,,,,,63.98571429,,,,,66.46428571,,,
Brunei Darussalam,"Water productivity, total (constant 2010 US$ GDP per cubic meter of total freshwater withdrawal)",,,,,,,,,,,,,,,,,,,,,,,,,,,,,,,,,127.454506,,,,,123.4586398,,,,,138.8684531,,,,,150.7515872,,,,,155.984439,,,,,146.501969,,,
Bhutan,"Water productivity, total (constant 2010 US$ GDP per cubic meter of total freshwater withdrawal)",,,,,,,,,,,,,,,,,,,,,,,,,,,,,,,,,,,,,,,,,,,,,,,,,,,,,5.200114698,,,,,6.778336876,,,
Botswana,"Water productivity, total (constant 2010 US$ GDP per cubic meter of total freshwater withdrawal)",,,,,,,,,,,,,,,,,,,,,,,,,,,,38.19962003,,,,,52.05474865,,,,,46.58180928,,,,,46.79811099,,,,,61.23498405,,,,,72.86158665,,,,,89.79520008,,,
Central African Republic,"Water productivity, total (constant 2010 US$ GDP per cubic meter of total freshwater withdrawal)",,,,,,,,,,,,,,,,,,,,,,,,,,,,69.64219491,,,,,34.11928477,,,,,26.27148203,,,,,24.24759181,,,,,25.48779458,,,,,32.34880394,,,,,23.52588138,,,
Canada,"Water productivity, total (constant 2010 US$ GDP per cubic meter of total freshwater withdrawal)",,,,,,,,,,,,,,,,,,,,,,,,,,,,22.11377755,,,,,22.46594372,,,,,25.55238587,,,,,30.34255398,,,,,38.63373642,,,,,46.47546146,,,,,52.33526796,,,
Central Europe and the Baltics,"Water productivity, total (constant 2010 US$ GDP per cubic meter of total freshwater withdrawal)",,,,,,,,,,,,,,,,,,,,,,,,,,,,,,,,,9.164811869,,,,,16.34012646,,,,,23.44033781,,,,,32.95569088,,,,,38.81066747,,,,,48.53983021,,,
Switzerland,"Water productivity, total (constant 2010 US$ GDP per cubic meter of total freshwater withdrawal)",,,,,,,,,,,,,,,,,,124.2061911,,,,,133.1730024,,,,,145.415815,,,,,158.7961547,,,,,174.9371068,,,,,196.3245127,,,,,250.9315147,,,,,299.145783,,,,,378.6465663,,,
Channel Islands,"Water productivity, total (constant 2010 US$ GDP per cubic meter of total freshwater withdrawal)",,,,,,,,,,,,,,,,,,,,,,,,,,,,,,,,,,,,,,,,,,,,,,,,,,,,,,,,,,,,,
Chile,"Water productivity, total (constant 2010 US$ GDP per cubic meter of total freshwater withdrawal)",,,,,,,,,,,,,,,,,,,,,,,,,,,,,,,,,4.653113075,,,,,5.140503793,,,,,4.951411383,,,,,5.728375162,,,,,6.905272768,,,,,7.6983798,,,
China,"Water productivity, total (constant 2010 US$ GDP per cubic meter of total freshwater withdrawal)",,,,,,,,,,,,,,,,,,,,,,,0.847792657,,,,,1.406661422,,,,,1.998754614,,,,,3.281733363,,,,,4.779458565,,,,,8.065145707,,,,,12.01224948,,,,,17.21124954,,,
Cote d'Ivoire,"Water productivity, total (constant 2010 US$ GDP per cubic meter of total freshwater withdrawal)",,,,,,,,,,,,,,,,,,,,,,,,,,,,24.35459445,,,,,15.21888784,,,,,16.18963015,,,,,15.00147216,,,,,15.77231029,,,,,21.12571188,,,,,33.6649323,,,
Cameroon,"Water productivity, total (constant 2010 US$ GDP per cubic meter of total freshwater withdrawal)",,,,,,,,,,,,,,,,,,,,,,,,,,,,47.03362897,,,,,36.8798753,,,,,20.90312495,,,,,19.06174045,,,,,21.98114554,,,,,26.17416721,,,,,33.44385772,,,
"Congo, Dem. Rep.","Water productivity, total (constant 2010 US$ GDP per cubic meter of total freshwater withdrawal)",,,,,,,,,,,,,,,,,,,,,,,,,,,,,,,,,,,,,,30.00538527,,,,,22.06662913,,,,,26.95777346,,,,,36.10547324,,,,,48.69217781,,,
"Congo, Rep.","Water productivity, total (constant 2010 US$ GDP per cubic meter of total freshwater withdrawal)",,,,,,,,,,,,,,,,,,,,,,,,,,,,168.5330487,,,,,177.8468082,,,,,171.2084976,,,,,193.2744454,,,,,219.0912818,,,,,321.1995701,,,,,280.0462894,,,
Colombia,"Water productivity, total (constant 2010 US$ GDP per cubic meter of total freshwater withdrawal)",,,,,,,,,,,,,,,,,,,,,,,,,,,,,,,,,,,,,,,,,,,22.95165935,,,,,23.30595592,,,,,25.11062995,,,,,27.40335285,,,
Comoros,"Water productivity, total (constant 2010 US$ GDP per cubic meter of total freshwater withdrawal)",,,,,,,,,,,,,,,,,,,,,,,,,,,,,,,,,,,,,,,,,,,73.60486591,,,,,81.50142482,,,,,97.54535839,,,,,112.880502,,,
Cabo Verde,"Water productivity, total (constant 2010 US$ GDP per cubic meter of total freshwater withdrawal)",,,,,,,,,,,,,,,,,,,,,,,,,,,,,,,,,,,,,,,,,,,44.76080751,,,,,61.57150056,,,,,69.13385422,,,,,76.89863401,,,
Costa Rica,"Water productivity, total (constant 2010 US$ GDP per cubic meter of total freshwater withdrawal)",,,,,,,,,,,,,,,,,,,,,,,,,,,,,,,,,,,,,,,,,,,,,,,,,,,,,17.41708282,,,,,15.15028559,,,
Caribbean small states,"Water productivity, total (constant 2010 US$ GDP per cubic meter of total freshwater withdrawal)",,,,,,,,,,,,,,,,,,55.18175369,,,,,53.2,,,,,11.52017712,,,,,4.376808822,,,,,9.139384024,,,,,9.893911016,,,80.68695569,,13.12265668,,,,,13.23364535,,59.83817905,,,13.80590785,,,
Cuba,"Water productivity, total (constant 2010 US$ GDP per cubic meter of total freshwater withdrawal)",,,,,,,,,,,,,,,,,,,,,,,,,,,,,,,,,,,,,,6.584889266,,,,,7.726207075,,,,,12.04927448,,,,,10.25139322,,,,,10.86393533,,,
Curacao,"Water productivity, total (constant 2010 US$ GDP per cubic meter of total freshwater withdrawal)",,,,,,,,,,,,,,,,,,,,,,,,,,,,,,,,,,,,,,,,,,,,,,,,,,,,,,,,,,,,,
Cayman Islands,"Water productivity, total (constant 2010 US$ GDP per cubic meter of total freshwater withdrawal)",,,,,,,,,,,,,,,,,,,,,,,,,,,,,,,,,,,,,,,,,,,,,,,,,,,,,,,,,,,,,
Cyprus,"Water productivity, total (constant 2010 US$ GDP per cubic meter of total freshwater withdrawal)",,,,,,,,,,,,,,,,,,31.55301837,,,,,37.79261397,,,,,44.72386557,,,,,61.3298883,,,,,86.60525816,,,,,116.9893664,,,,,151.3544324,,,,,97.70944275,,,,,122.3951567,,,
Czech Republic,"Water productivity, total (constant 2010 US$ GDP per cubic meter of total freshwater withdrawal)",,,,,,,,,,,,,,,,,,,,,,,,,,,,,,,,,,,,,,58.30614883,,,,,83.75061403,,,,,105.8437748,,,,,114.6925802,,,,,150.4306769,,,
Germany,"Water productivity, total (constant 2010 US$ GDP per cubic meter of total freshwater withdrawal)",,,,,,,,,,,,,,,,,,,,,,,,,,,,,,,,,59.98824541,,,,,68.3513229,,,,,85.63458669,,,,,106.1392057,,,,,127.1289218,,,,,158.4697417,,,
Djibouti,"Water productivity, total (constant 2010 US$ GDP per cubic meter of total freshwater withdrawal)",,,,,,,,,,,,,,,,,,,,,,,,,,,,,,,,,,,,,,,,,,,,,,,,,,,,,,,,,,,,,
Dominica,"Water productivity, total (constant 2010 US$ GDP per cubic meter of total freshwater withdrawal)",,,,,,,,,,,,,,,,,,,,,,,,,,,,,,,,,,,,,,21.96267212,,,,,22.73101691,,,,,25.31903993,,,,,24.37520239,,,,,23.44325253,,,
Denmark,"Water productivity, total (constant 2010 US$ GDP per cubic meter of total freshwater withdrawal)",,,,,,,,,,,,,176.3129976,,,,,146.3640672,,,,,136.6164974,,,,,167.6552385,,,,,199.1544865,,,,,297.7220508,,,,,462.3169943,,,,,601.5501732,,,,,448.9206708,,,,,491.7541014,,,
Dominican Republic,"Water productivity, total (constant 2010 US$ GDP per cubic meter of total freshwater withdrawal)",,,,,,,,,,,,,,,,,,,,,,,,,,,,,,,,,,,,,,,,,,,7.19530594,,,,,7.765892553,,,,,7.199875067,,,,,8.423283021,,,
Algeria,"Water productivity, total (constant 2010 US$ GDP per cubic meter of total freshwater withdrawal)",,,,,,,,,,,,,20.11397524,,,,,21.91834647,,,,,23.97844409,,,,,22.63980173,,,,,19.78872018,,,,,18.59330554,,,,,19.86911485,,,,,21.58531424,,,,,21.98294861,,,,,20.23597883,,,
East Asia & Pacific (excluding high income),"Water productivity, total (constant 2010 US$ GDP per cubic meter of total freshwater withdrawal)",,,,,,,,,,,,,,,,,,,,,,,0.847792657,,,,,1.279480873,,,,,2.203917291,,,,,3.336533013,,,,,4.287316624,,,,,6.137341713,,,,,8.580154043,,,,,11.57529038,,,
Early-demographic dividend,"Water productivity, total (constant 2010 US$ GDP per cubic meter of total freshwater withdrawal)",,,,,,,,,,,,,32.11550276,,,,,1.791877176,,,,,2.229130783,,,,,2.287580432,,,,,3.536059681,,,,,3.601192383,,,,20.96494188,3.663178843,,,20.19654107,,4.322695442,,,,,5.278284662,,59.83817905,,,6.090214836,,,
East Asia & Pacific,"Water productivity, total (constant 2010 US$ GDP per cubic meter of total freshwater withdrawal)",,,,,,,,,,,,,,,,,,,,,,,6.80668569,,,,,7.389787585,,,,,8.676300608,,,,,10.56907118,,,,,11.5250399,,,,,12.73534326,,,,,14.81381487,,,,,17.95259804,,,
Europe & Central Asia (excluding high income),"Water productivity, total (constant 2010 US$ GDP per cubic meter of total freshwater withdrawal)",,,,,,,,,,,,,,,,,,,,,,,,,,,,,,,,,9.564110804,,,,,5.715522379,,,,,7.150038695,,,,,10.48578107,,,,,11.7334554,,,,,12.50635774,,,
Europe & Central Asia,"Water productivity, total (constant 2010 US$ GDP per cubic meter of total freshwater withdrawal)",,,,,,,,,,,,,,,,,,,,,,,,,,,,43.28273273,,,,,31.60624078,,,,,29.0754681,,,,,34.9006787,,,,,42.25902548,,,,,43.38444162,,,,,47.51428661,,,
Ecuador,"Water productivity, total (constant 2010 US$ GDP per cubic meter of total freshwater withdrawal)",,,,,,,,,,,,,,,,,,,,,,,,,,,,,,,,,,,,,,,,,,,5.247678942,,,,,6.334852166,,,,,7.9934183,,,,,8.81226039,,,
"Egypt, Arab Rep.","Water productivity, total (constant 2010 US$ GDP per cubic meter of total freshwater withdrawal)",,,,,,,,,,,,,,,,,,0.780681379,,,,,1.107433712,,,,,1.416260803,,,,,1.688940431,,,,,1.844611282,,,,,2.086435314,,,,,2.521848592,,,,,3.576276726,,,,,4.23408126,,,
Euro area,"Water productivity, total (constant 2010 US$ GDP per cubic meter of total freshwater withdrawal)",,,,,,,,,,,,,24.81479072,,,,,23.45197805,,,,,32.10728489,,,,,35.27379212,,,,,44.95010367,,,,,50.36079443,,,,,58.32024833,,,,,69.84387253,,,,,71.93166953,,,,,84.06164683,,,
Eritrea,"Water productivity, total (constant 2010 US$ GDP per cubic meter of total freshwater withdrawal)",,,,,,,,,,,,,,,,,,,,,,,,,,,,,,,,,,,,,,,,,,,3.277421491,,,,,2.851740534,,,,,,,,,,,,,
Spain,"Water productivity, total (constant 2010 US$ GDP per cubic meter of total freshwater withdrawal)",,,,,,,,,,,,,,,,,,16.79069562,,,,,15.75559864,,,,,17.37713794,,,,,24.86845545,,,,,29.0979342,,,,,34.65580676,,,,,41.76906418,,,,,37.20949723,,,,,48.21169141,,,
Estonia,"Water productivity, total (constant 2010 US$ GDP per cubic meter of total freshwater withdrawal)",,,,,,,,,,,,,,,,,,,,,,,,,,,,,,,,,,,,,,8.943232493,,,,,11.2572706,,,,,12.87660543,,,,,13.37878144,,,,,14.15413995,,,
Ethiopia,"Water productivity, total (constant 2010 US$ GDP per cubic meter of total freshwater withdrawal)",,,,,,,,,,,,,,,,,,,,,,,,,,,,,,,,,,,,,,,,,,,2.586324989,,,,,2.642373949,,,,,3.777852358,,,,,5.531976933,,,
European Union,"Water productivity, total (constant 2010 US$ GDP per cubic meter of total freshwater withdrawal)",,,,,,,,,,,,,29.47599959,,,,,26.48905704,,,,,31.37844119,,,,,35.04090461,,,,,39.71075408,,,,,46.61205086,,,,,55.19817471,,,,,66.86884243,,,,,69.51658608,,,,,81.7894197,,,
Fragile and conflict affected situations,"Water productivity, total (constant 2010 US$ GDP per cubic meter of total freshwater withdrawal)",,,,,,,,,,,,,38.51955239,,,,,5.350688054,,,,,5.50855253,,,,,5.2350893,,,,,5.329766338,,,,,5.189642673,,,,20.96494188,4.87712637,,,18.71393287,,6.411382032,,,,,7.419901677,,,,,6.949389029,,,
Finland,"Water productivity, total (constant 2010 US$ GDP per cubic meter of total freshwater withdrawal)",,,,,,,,,,,,,27.29154162,,,,,29.07046678,,,,,33.3455968,,,,,44.86683396,,,,,62.28752044,,,,,73.11070181,,,,,52.57602,,,,,39.72195436,,,,,38.39657887,,,,,40.4708366,,,
Fiji,"Water productivity, total (constant 2010 US$ GDP per cubic meter of total freshwater withdrawal)",,,,,,,,,,,,,,,,,,,,,,,,,,,,61.93467745,,,,,44.12593825,,,,,35.57761504,,,,,34.11450424,,,,,36.06164178,,,,,38.52750919,,,,,48.06182693,,,
France,"Water productivity, total (constant 2010 US$ GDP per cubic meter of total freshwater withdrawal)",,,,,,,,,,,,,,,,,,,,,,,47.2158835,,,,,46.76878537,,,,,49.58118186,,,,,69.10166994,,,,,74.39074267,,,,,85.89229033,,,,,96.53317316,,,,,108.7980537,,,
Faroe Islands,"Water productivity, total (constant 2010 US$ GDP per cubic meter of total freshwater withdrawal)",,,,,,,,,,,,,,,,,,,,,,,,,,,,,,,,,,,,,,,,,,,,,,,,,,,,,,,,,,,,,
"Micronesia, Fed. Sts.","Water productivity, total (constant 2010 US$ GDP per cubic meter of total freshwater withdrawal)",,,,,,,,,,,,,,,,,,,,,,,,,,,,,,,,,,,,,,,,,,,,,,,,,,,,,,,,,,,,,
Gabon,"Water productivity, total (constant 2010 US$ GDP per cubic meter of total freshwater withdrawal)",,,,,,,,,,,,,,,,,,,,,,,,,,,,137.0623202,,,,,130.9782234,,,,,127.0059817,,,,,99.57526161,,,,,99.65641082,,,,,116.4636889,,,,,136.7491708,,,
United Kingdom,"Water productivity, total (constant 2010 US$ GDP per cubic meter of total freshwater withdrawal)",,,,,,,,,,,,,,,,,,,,,,,98.19913711,,,,,128.425492,,,,,135.3866016,,,,,154.6976101,,,,,175.1083735,,,,,298.6925149,,,,,318.1411394,,,,,337.4792952,,,
Georgia,"Water productivity, total (constant 2010 US$ GDP per cubic meter of total freshwater withdrawal)",,,,,,,,,,,,,,,,,,,,,,,,,,,,,,,,,2.444820585,,,,,2.589397429,,,,,3.927559236,,,,,6.417398086,,,,,7.672528424,,,,,9.228519699,,,
Ghana,"Water productivity, total (constant 2010 US$ GDP per cubic meter of total freshwater withdrawal)",,,,,,,,,,,,,27.94442326,,,,,19.97109892,,,,,15.27586546,,,,,15.31240163,,,,,16.47892478,,,,,17.73396372,,,,,19.26502599,,,,,22.2509713,,,,,30.50732169,,,,,34.96883344,,,
Gibraltar,"Water productivity, total (constant 2010 US$ GDP per cubic meter of total freshwater withdrawal)",,,,,,,,,,,,,,,,,,,,,,,,,,,,,,,,,,,,,,,,,,,,,,,,,,,,,,,,,,,,,
Guinea,"Water productivity, total (constant 2010 US$ GDP per cubic meter of total freshwater withdrawal)",,,,,,,,,,,,,,,,,,,,,,,,,,,,4.032863618,,,,,5.382621054,,,,,7.440805168,,,,,9.808739154,,,,,11.06188343,,,,,13.3560333,,,,,18.26989608,,,
"Gambia, The","Water productivity, total (constant 2010 US$ GDP per cubic meter of total freshwater withdrawal)",,,,,,,,,,,,,,,,,,,,,,,28.5281475,,,,,17.35395838,,,,,14.13770916,,,,,11.83780579,,,,,11.82997656,,,,,12.65454108,,,,,14.68633529,,,,,16.56334178,,,
Guinea-Bissau,"Water productivity, total (constant 2010 US$ GDP per cubic meter of total freshwater withdrawal)",,,,,,,,,,,,,,,,,,,,,,,,,,,,,,,,,13.67718221,,,,,4.933391556,,,,,3.822623551,,,,,4.351676507,,,,,5.15918115,,,,,6.425033226,,,
Equatorial Guinea,"Water productivity, total (constant 2010 US$ GDP per cubic meter of total freshwater withdrawal)",,,,,,,,,,,,,,,,,,,,,,,,,,,,21.78535827,,,,,22.52928926,,,,,116.8811688,,,,,358.5091251,,,,,757.8210072,,,,,950.6797964,,,,,715.4763315,,,
Greece,"Water productivity, total (constant 2010 US$ GDP per cubic meter of total freshwater withdrawal)",,,,,,,,,,,,,32.81748235,,,,,36.16061632,,,,,34.46808546,,,,,28.38581302,,,,,25.52969524,,,,,26.02254433,,,,,29.46897524,,,,,34.51881383,,,,,25.38132046,,,,,22.0576038,,,
Grenada,"Water productivity, total (constant 2010 US$ GDP per cubic meter of total freshwater withdrawal)",,,,,,,,,,,,,,,,,,,,,,,,,,,,,,,,,,,,,,,,,,,,,,80.68695569,,,,,,,,,59.83817905,,,,,,
Greenland,"Water productivity, total (constant 2010 US$ GDP per cubic meter of total freshwater withdrawal)",,,,,,,,,,,,,,,,,,,,,,,,,,,,,,,,,,,,,,,,,,,,,,,,,,,,,,,,,,,,,
Guatemala,"Water productivity, total (constant 2010 US$ GDP per cubic meter of total freshwater withdrawal)",,,,,,,,,,,,,,,,,,,,,,,,,,,,,,,,,,,,,,,,,,,12.13652118,,,,,11.64366056,,,,,13.33813463,,,,,15.90661559,,,
Guam,"Water productivity, total (constant 2010 US$ GDP per cubic meter of total freshwater withdrawal)",,,,,,,,,,,,,,,,,,,,,,,,,,,,,,,,,,,,,,,,,,,,,,,,,,,,,,,,,,,,,
Guyana,"Water productivity, total (constant 2010 US$ GDP per cubic meter of total freshwater withdrawal)",,,,,,,,,,,,,,,,,,,,,,,,,,,,,,,,,1.315516302,,,,,1.726453545,,,,,1.742389434,,,,,2.062744157,,,,,2.631578458,,,,,3.007390031,,,
High income,"Water productivity, total (constant 2010 US$ GDP per cubic meter of total freshwater withdrawal)",,,,,,,,,,,,,29.17333307,,,,,28.93508643,,,,,22.18658063,,,,,27.05739932,,,,,30.9924694,,,,,35.43332025,,,,,40.23626686,,,,,48.23413906,,,,,51.95921569,,,,,57.28276249,,,
"Hong Kong SAR, China","Water productivity, total (constant 2010 US$ GDP per cubic meter of total freshwater withdrawal)",,,,,,,,,,,,,,,,,,,,,,,,,,,,,,,,,,,,,,,,,,,,,,,,,,,,,,,,,,,,,
Honduras,"Water productivity, total (constant 2010 US$ GDP per cubic meter of total freshwater withdrawal)",,,,,,,,,,,,,,,,,,,,,,,,,,,,,,,,,,,,,,,,,,,,,,,,9.34337359,,,,,10.65708382,,,,,12.7693313,,,
Heavily indebted poor countries (HIPC),"Water productivity, total (constant 2010 US$ GDP per cubic meter of total freshwater withdrawal)",,,,,,,,,,,,,27.94442326,,,,,19.97109892,,,,,8.983442707,,,,,4.239437374,,,,,4.397674011,,,,,5.088001187,,,,,3.709693866,,,,,4.644781101,,,,,5.04690312,,,,,6.343837968,,,
Croatia,"Water productivity, total (constant 2010 US$ GDP per cubic meter of total freshwater withdrawal)",,,,,,,,,,,,,,,,,,,,,,,,,,,,,,,,,,,,,,,,,,,88.55774768,,,,,98.77286677,,,,,88.30436641,,,,,94.3744737,,,
Haiti,"Water productivity, total (constant 2010 US$ GDP per cubic meter of total freshwater withdrawal)",,,,,,,,,,,,,,,,,,,,,,,,,,,,,,,,,8.89730013,,,,,7.03017015,,,,,7.162719354,,,,,7.801101002,,,,,8.584651055,,,,,9.674891882,,,
Hungary,"Water productivity, total (constant 2010 US$ GDP per cubic meter of total freshwater withdrawal)",,,,,,,,,,,,,,,,,,,,,,,,,,,,,,,,,12.49710888,,,,,16.02360349,,,,,20.25208033,,,,,25.21671555,,,,,26.25526252,,,,,34.61797249,,,
IBRD only,"Water productivity, total (constant 2010 US$ GDP per cubic meter of total freshwater withdrawal)",,,,,,,,17.56058645,,,,,29.25416536,,,,,2.066364947,,,,,1.871551339,,,,,2.928044003,,,,,4.239421087,,,,,4.722793566,,,,,5.441032473,,,,,6.99848568,,,,,9.018447937,,,,,10.93601057,,,
IDA & IBRD total,"Water productivity, total (constant 2010 US$ GDP per cubic meter of total freshwater withdrawal)",,,,,,,,17.56058645,,,,,29.199174,,,,,1.69751766,,,,,1.704476278,,,,,2.724312798,,,,,3.966035044,,,,,4.288066013,,,,,4.905592845,,,80.68695569,,6.372539525,,,,,8.082890708,,59.83817905,,,9.752227477,,,
IDA total,"Water productivity, total (constant 2010 US$ GDP per cubic meter of total freshwater withdrawal)",,,,,,,,,,,,,27.94442326,,,,,0.28602476,,,,,0.42850881,,,,,1.433020759,,,,,1.864715787,,,,,1.681374654,,,,,1.913426022,,,80.68695569,,2.540252819,,,,,3.206860052,,59.83817905,,,3.8080311,,,
IDA blend,"Water productivity, total (constant 2010 US$ GDP per cubic meter of total freshwater withdrawal)",,,,,,,,,,,,,,,,,,0.227201134,,,,,0.321319179,,,,,1.3785103,,,,,1.77336377,,,,,1.489159863,,,,,1.792643969,,,80.68695569,,2.35256295,,,,,2.947924129,,59.83817905,,,3.296642314,,,
Indonesia,"Water productivity, total (constant 2010 US$ GDP per cubic meter of total freshwater withdrawal)",,,,,,,,,,,,,,,,,,,,,,,,,,,,,,,,,4.295899962,,,,,4.858395155,,,,,3.868565608,,,,,3.977623178,,,,,4.352538992,,,,,4.898058092,,,
IDA only,"Water productivity, total (constant 2010 US$ GDP per cubic meter of total freshwater withdrawal)",,,,,,,,,,,,,27.94442326,,,,,19.97109892,,,,,8.983442707,,,,,1.603018541,,,,,2.10742734,,,,,2.163586431,,,,,2.130417545,,,,,2.861758701,,,,,3.521298224,,,,,4.476603673,,,
Isle of Man,"Water productivity, total (constant 2010 US$ GDP per cubic meter of total freshwater withdrawal)",,,,,,,,,,,,,,,,,,,,,,,,,,,,,,,,,,,,,,,,,,,,,,,,,,,,,,,,,,,,,
India,"Water productivity, total (constant 2010 US$ GDP per cubic meter of total freshwater withdrawal)",,,,,,,,,,,,,,,,,,0.685406402,,,,,0.702277622,,,,,0.831465109,,,,,1.036335465,,,,,1.260563629,,,,,1.48365951,,,,,1.940350216,,,,,2.872061366,,,,,4.107218064,,,
Not classified,"Water productivity, total (constant 2010 US$ GDP per cubic meter of total freshwater withdrawal)",,,,,,,,,,,,,,,,,,,,,,,,,,,,,,,,,,,,,,,,,,,,,,,,,,,,,,,,,,,,,
Ireland,"Water productivity, total (constant 2010 US$ GDP per cubic meter of total freshwater withdrawal)",,,,,,,,,,,,,,,,,,,,,,,58.3020634,,,,,63.00381722,,,,,77.53123692,,,,,118.9544196,,,,,207.5016979,,,,,329.6679871,,,,,295.1319055,,,,,455.6919109,,,
"Iran, Islamic Rep.","Water productivity, total (constant 2010 US$ GDP per cubic meter of total freshwater withdrawal)",,,,,,,,,,,,,,,,,,6.950028251,,,,,4.079200358,,,,,3.308812618,,,,,3.923819975,,,,,3.400703534,,,,,3.762904269,,,,,4.888656729,,,,,4.975660841,,,,,6.030978812,,,
Iraq,"Water productivity, total (constant 2010 US$ GDP per cubic meter of total freshwater withdrawal)",,,,,,,,,,,,,,,,,,0.636386791,,,,,1.146869174,,,,,1.116611821,,,,,0.715801599,,,,,1.069880174,,,,,1.553184824,,,,,2.19486105,,,,,3.882638293,,,,,5.491584266,,,
Iceland,"Water productivity, total (constant 2010 US$ GDP per cubic meter of total freshwater withdrawal)",,,,,,,,,,,,,,,,,,,,,,,59.65917514,,,,,59.23897936,,,,,46.4406902,,,,,54.79777004,,,,,66.79268532,,,,,69.61989408,,,,,48.03368461,,,,,60.44543383,,,
Israel,"Water productivity, total (constant 2010 US$ GDP per cubic meter of total freshwater withdrawal)",,,,,,,,,,,,,31.77748069,,,,,36.16281914,,,,,41.97513762,,,,,51.26950267,,,,,72.25844905,,,,,96.83124299,,,,,113.1494806,,,,,154.5252838,,,,,198.6084825,,,,,249.056462,,,
Italy,"Water productivity, total (constant 2010 US$ GDP per cubic meter of total freshwater withdrawal)",,,,,,,,,,,,,23.53160667,,,,,26.92084401,,,,,30.53515059,,,,,37.15754185,,,,,42.55877599,,,,,43.16863097,,,,,50.66296149,,,,,66.85024641,,,,,61.35300897,,,,,62.38731842,,,
Jamaica,"Water productivity, total (constant 2010 US$ GDP per cubic meter of total freshwater withdrawal)",,,,,,,,,,,,,,,,,,,,,,,,,,,,,,,,,,,,,,11.87516099,,,,,10.70409669,,,,,10.53279744,,,,,8.966703077,,,,,10.3542152,,,
Jordan,"Water productivity, total (constant 2010 US$ GDP per cubic meter of total freshwater withdrawal)",,,,,,,,,,,,,,,,,,10.302851,,,,,16.96214663,,,,,14.26454207,,,,,11.5811932,,,,,16.14345264,,,,,22.29273673,,,,,25.26638537,,,,,33.63218547,,,,,35.7754547,,,
Japan,"Water productivity, total (constant 2010 US$ GDP per cubic meter of total freshwater withdrawal)",,,,,,,,,,,,,,,,,,,,,,,36.62339494,,,,,44.41920707,,,,,53.67181212,,,,,59.16545637,,,,,63.67089552,,,,,70.67089711,,,,,71.14626819,,,,,75.72401907,,,
Kazakhstan,"Water productivity, total (constant 2010 US$ GDP per cubic meter of total freshwater withdrawal)",,,,,,,,,,,,,,,,,,,,,,,,,,,,,,,,,,,,,,2.237776071,,,,,3.742674624,,,,,5.786217995,,,,,7.790322062,,,,,8.731841291,,,
Kenya,"Water productivity, total (constant 2010 US$ GDP per cubic meter of total freshwater withdrawal)",,,,,,,,,,,,,,,,,,,,,,,,,,,,,,,,,11.22480307,,,,,14.44045826,,,,,13.2280416,,,,,12.57775826,,,,,13.787803,,,,,14.40411256,,,
Kyrgyz Republic,"Water productivity, total (constant 2010 US$ GDP per cubic meter of total freshwater withdrawal)",,,,,,,,,,,,,,,,,,,,,,,,,,,,,,,,,,,,,,0.289028012,,,,,0.363339362,,,,,0.560408393,,,,,0.658550011,,,,,0.862531519,,,
Cambodia,"Water productivity, total (constant 2010 US$ GDP per cubic meter of total freshwater withdrawal)",,,,,,,,,,,,,,,,,,,,,,,,,,,,,,,,,,,,,,,,,,,,,,,,4.549257474,,,,,5.914545412,,,,,8.326099915,,,
Kiribati,"Water productivity, total (constant 2010 US$ GDP per cubic meter of total freshwater withdrawal)",,,,,,,,,,,,,,,,,,,,,,,,,,,,,,,,,,,,,,,,,,,,,,,,,,,,,,,,,,,,,
St. Kitts and Nevis,"Water productivity, total (constant 2010 US$ GDP per cubic meter of total freshwater withdrawal)",,,,,,,,,,,,,,,,,,,,,,,,,,,,,,,,,,,,,,,,,,,,,,,,,,,,,62.03469082,,,,,70.75815434,,,
"Korea, Rep.","Water productivity, total (constant 2010 US$ GDP per cubic meter of total freshwater withdrawal)",,,,,,,,,,,,,,,,,,,,,,,,,,,,,,,,,19.5097302,,,,,24.69635931,,,,,28.05983866,,,,,35.33469096,,,,,41.60472308,,,,,48.36357348,,,
Kuwait,"Water productivity, total (constant 2010 US$ GDP per cubic meter of total freshwater withdrawal)",,,,,,,,,,,,,,,,,,,,,,,,,,,,,,,,,,,,,,220.9502394,,,,,183.4923784,,,,,240.1981674,,,,,218.0668127,,,,,175.7033394,,,
Latin America & Caribbean (excluding high income),"Water productivity, total (constant 2010 US$ GDP per cubic meter of total freshwater withdrawal)",,,,,,,,,,,,,38.51955239,,,,,12.95190217,,,,,11.02687243,,,,,17.04721603,,,,,16.34706917,,,,,17.25515822,,,,,16.18521558,,,80.68695569,,17.65472777,,,,,18.43729761,,59.83817905,,,19.03280278,,,
Lao PDR,"Water productivity, total (constant 2010 US$ GDP per cubic meter of total freshwater withdrawal)",,,,,,,,,,,,,,,,,,,,,,,,,,,,,,,,,,,,,,,,,,,,,,,,1.288038856,,,,,1.248325719,,,,,1.621228563,,,
Lebanon,"Water productivity, total (constant 2010 US$ GDP per cubic meter of total freshwater withdrawal)",,,,,,,,,,,,,,,,,,,,,,,,,,,,,,,,,11.88202452,,,,,15.44521457,,,,,19.38873287,,,,,23.89748588,,,,,24.89512981,,,,,23.95015857,,,
Liberia,"Water productivity, total (constant 2010 US$ GDP per cubic meter of total freshwater withdrawal)",,,,,,,,,,,,,,,,,,,,,,,,,,,,,,,,,,,,,,,,,,,13.65617987,,,,,11.439847,,,,,16.00182118,,,,,17.66189512,,,
Libya,"Water productivity, total (constant 2010 US$ GDP per cubic meter of total freshwater withdrawal)",,,,,,,,,,,,,,,,,,,,,,,,,,,,,,,,,,,,,,,,,,,10.29372083,,,,,13.6401527,,,,,11.06223761,,,,,8.152058404,,,
St. Lucia,"Water productivity, total (constant 2010 US$ GDP per cubic meter of total freshwater withdrawal)",,,,,,,,,,,,,,,,,,,,,,,,,,,,,,,,,,,,,,,,,,,,,,,,33.44691196,,,,,36.48365629,,,,,38.15777512,,,
Latin America & Caribbean,"Water productivity, total (constant 2010 US$ GDP per cubic meter of total freshwater withdrawal)",,,,,,,,17.56058645,,,,,32.79276421,,,,,12.90964194,,,,,11.01502876,,,,,16.8986263,,,,,15.16885785,,,,,15.94252776,,,,,15.05217168,,,80.68695569,,16.45209839,,,,,17.47276279,,59.83817905,,,18.05879094,,,
Least developed countries: UN classification,"Water productivity, total (constant 2010 US$ GDP per cubic meter of total freshwater withdrawal)",,,,,,,,,,,,,,,,,,,,,,,6.335305763,,,,,1.698202514,,,,,2.166854891,,,,,2.736188886,,,,,2.470129772,,,,,3.304018724,,,,,3.8711298,,,,,4.794330839,,,
Low income,"Water productivity, total (constant 2010 US$ GDP per cubic meter of total freshwater withdrawal)",,,,,,,,,,,,,,,,,,,,,,,21.65557541,,,,,1.641460309,,,,,2.667471568,,,,,2.541926339,,,,,2.16167397,,,,,2.734098184,,,,,3.220067567,,,,,3.823961273,,,
Liechtenstein,"Water productivity, total (constant 2010 US$ GDP per cubic meter of total freshwater withdrawal)",,,,,,,,,,,,,,,,,,,,,,,,,,,,,,,,,,,,,,,,,,,,,,,,,,,,,,,,,,,,,
Sri Lanka,"Water productivity, total (constant 2010 US$ GDP per cubic meter of total freshwater withdrawal)",,,,,,,,,,,,,,,,,,,,,,,,,,,,,,,,,2.160692398,,,,,2.459492605,,,,,2.701622984,,,,,3.697871018,,,,,5.184358498,,,,,6.394026201,,,
Lower middle income,"Water productivity, total (constant 2010 US$ GDP per cubic meter of total freshwater withdrawal)",,,,,,,,,,,,,21.17671112,,,,,0.730804093,,,,,0.8207977,,,,,1.192476553,,,,,1.600889557,,,,,1.616214543,,,,20.96494188,1.879204487,,,18.71393287,,2.436317018,,,,,3.310616404,,,,,4.250793905,,,
Low & middle income,"Water productivity, total (constant 2010 US$ GDP per cubic meter of total freshwater withdrawal)",,,,,,,,,,,,,32.19139232,,,,,1.67471551,,,,,1.6912761,,,,,2.714249987,,,,,3.858430687,,,,,4.14368673,,,,20.96494188,4.736540597,,,20.19654107,,6.184714721,,,,,7.874272369,,59.83817905,,,9.512528133,,,
Lesotho,"Water productivity, total (constant 2010 US$ GDP per cubic meter of total freshwater withdrawal)",,,,,,,,,,,,,,,,,,,,,,,,,,,,17.96290004,,,,,26.7289922,,,,,35.56575931,,,,,39.20751707,,,,,47.13153077,,,,,58.27184306,,,,,66.4637616,,,
Late-demographic dividend,"Water productivity, total (constant 2010 US$ GDP per cubic meter of total freshwater withdrawal)",,,,,,,,,,,,,,,,,,4.650167743,,,,,1.355267865,,,,,3.667584743,,,,,5.30304107,,,,,6.415741224,,,,,8.200877554,,,,,11.31930176,,,,,14.465158,,,,,18.128883,,,
Lithuania,"Water productivity, total (constant 2010 US$ GDP per cubic meter of total freshwater withdrawal)",,,,,,,,,,,,,,,,,,,,,,,,,,,,,,,,,,,,,,5.782734435,,,,,10.6560146,,,,,18.46646142,,,,,76.18297691,,,,,184.6447711,,,
Luxembourg,"Water productivity, total (constant 2010 US$ GDP per cubic meter of total freshwater withdrawal)",,,,,,,,,,,,,347.452416,,,,,349.3233104,,,,,308.4851636,,,,,308.760146,,,,,464.0977408,,,,,556.0064756,,,,,766.1012017,,,,,1080.064788,,,,,1219.087874,,,,,1431.375886,,,
Latvia,"Water productivity, total (constant 2010 US$ GDP per cubic meter of total freshwater withdrawal)",,,,,,,,,,,,,,,,,,,,,,,,,,,,,,,,,,,,,,39.67868696,,,,,76.78607887,,,,,145.8626374,,,,,106.7810167,,,,,166.3697384,,,
"Macao SAR, China","Water productivity, total (constant 2010 US$ GDP per cubic meter of total freshwater withdrawal)",,,,,,,,,,,,,,,,,,,,,,,,,,,,,,,,,,,,,,,,,,,,,,,,,,,,,,,,,,,,,
St. Martin (French part),"Water productivity, total (constant 2010 US$ GDP per cubic meter of total freshwater withdrawal)",,,,,,,,,,,,,,,,,,,,,,,,,,,,,,,,,,,,,,,,,,,,,,,,,,,,,,,,,,,,,
Morocco,"Water productivity, total (constant 2010 US$ GDP per cubic meter of total freshwater withdrawal)",,,,,,,,,,,,,,,,,,2.601882962,,,,,2.79340712,,,,,3.426623984,,,,,4.105418802,,,,,4.468508424,,,,,4.29737012,,,,,6.685727258,,,,,9.558269756,,,,,11.29801124,,,
Monaco,"Water productivity, total (constant 2010 US$ GDP per cubic meter of total freshwater withdrawal)",,,,,,,,,,,,,,,,,,,,,,,,,,,,,,,,,578.0434024,,,,,669.5108047,,,,,794.3828487,,,,,1070.492811,,,,,1160.158611,,,,,1429.603712,,,
Moldova,"Water productivity, total (constant 2010 US$ GDP per cubic meter of total freshwater withdrawal)",,,,,,,,,,,,,,,,,,,,,,,,,,,,,,,,,,,,,,3.080545578,,,,,5.586236376,,,,,7.525715343,,,,,8.6320567,,,,,10.89475434,,,
Madagascar,"Water productivity, total (constant 2010 US$ GDP per cubic meter of total freshwater withdrawal)",,,,,,,,,,,,,,,,,,,,,,,,,,,,0.373486802,,,,,0.417250798,,,,,0.488849802,,,,,0.535550419,,,,,0.714206365,,,,,0.77050209,,,,,0.90796768,,,
Maldives,"Water productivity, total (constant 2010 US$ GDP per cubic meter of total freshwater withdrawal)",,,,,,,,,,,,,,,,,,,,,,,,,,,,,,,,,,,,,,277.0683507,,,,,328.8771587,,,,,512.1847863,,,,,612.900878,,,,,827.7647651,,,
Middle East & North Africa,"Water productivity, total (constant 2010 US$ GDP per cubic meter of total freshwater withdrawal)",,,,,,,,,,,,,,,,,,3.620409264,,,,,3.902603078,,,,,3.749894267,,,,,5.72751983,,,,,5.911132331,,,,20.96494188,6.497273026,,,18.71393287,,8.699187041,,,,,11.08967517,,,,,12.89378366,,,
Mexico,"Water productivity, total (constant 2010 US$ GDP per cubic meter of total freshwater withdrawal)",,,,,,,,,,,,,,,,,,,,,,,10.25490295,,,,,9.789330654,,,,,11.14988987,,,,,12.16545943,,,,,12.60237585,,,,,13.35592887,,,,,13.73731997,,,,,14.59980421,,,
Marshall Islands,"Water productivity, total (constant 2010 US$ GDP per cubic meter of total freshwater withdrawal)",,,,,,,,,,,,,,,,,,,,,,,,,,,,,,,,,,,,,,,,,,,,,,,,,,,,,,,,,,,,,
Middle income,"Water productivity, total (constant 2010 US$ GDP per cubic meter of total freshwater withdrawal)",,,,,,,,,,,,,32.19139232,,,,,1.67471551,,,,,1.687246928,,,,,2.727561549,,,,,3.873877733,,,,,4.172763114,,,,20.96494188,4.810216051,,,20.19654107,,6.276766521,,,,,8.042600003,,59.83817905,,,9.715877367,,,
North Macedonia,"Water productivity, total (constant 2010 US$ GDP per cubic meter of total freshwater withdrawal)",,,,,,,,,,,,,,,,,,,,,,,,,,,,,,,,,,,,,,4.646600315,,,,,10.90345054,,,,,15.71178503,,,,,15.14438633,,,,,10.57114511,,,
Mali,"Water productivity, total (constant 2010 US$ GDP per cubic meter of total freshwater withdrawal)",,,,,,,,,,,,,,,,,,,,,,,,,,,,2.748208239,,,,,1.623885178,,,,,1.318279258,,,,,1.416297843,,,,,1.782329741,,,,,2.109585547,,,,,2.734888005,,,
Malta,"Water productivity, total (constant 2010 US$ GDP per cubic meter of total freshwater withdrawal)",,,,,,,,,,,,,,,,,,,,,,,123.2393573,,,,,129.948266,,,,,193.5079283,,,,,229.5116398,,,,,211.9730459,,,,,226.6407153,,,,,235.7093635,,,,,306.9368471,,,
Myanmar,"Water productivity, total (constant 2010 US$ GDP per cubic meter of total freshwater withdrawal)",,,,,,,,,,,,,,,,,,,,,,,,,,,,0.300008908,,,,,0.289345331,,,,,0.37298335,,,,,0.599992537,,,,,1.11561525,,,,,1.689586939,,,,,2.381762803,,,
Middle East & North Africa (excluding high income),"Water productivity, total (constant 2010 US$ GDP per cubic meter of total freshwater withdrawal)",,,,,,,,,,,,,,,,,,3.272393924,,,,,2.799147915,,,,,2.741216109,,,,,3.046682651,,,,,3.000093447,,,,20.96494188,3.539319286,,,18.71393287,,4.661167464,,,,,5.713881392,,,,,6.664757269,,,
Montenegro,"Water productivity, total (constant 2010 US$ GDP per cubic meter of total freshwater withdrawal)",,,,,,,,,,,,,,,,,,,,,,,,,,,,,,,,,,,,,,,,,,,,,,,,23.56311316,,,,,25.8557791,,,,,30.37389163,,,
Mongolia,"Water productivity, total (constant 2010 US$ GDP per cubic meter of total freshwater withdrawal)",,,,,,,,,,,,,,,,,,,,,,,,,,,,,,,,,,,,,,7.701414765,,,,,8.183972684,,,,,11.56327441,,,,,19.31772416,,,,,26.91887449,,,
Northern Mariana Islands,"Water productivity, total (constant 2010 US$ GDP per cubic meter of total freshwater withdrawal)",,,,,,,,,,,,,,,,,,,,,,,,,,,,,,,,,,,,,,,,,,,,,,,,,,,,,,,,,,,,,
Mozambique,"Water productivity, total (constant 2010 US$ GDP per cubic meter of total freshwater withdrawal)",,,,,,,,,,,,,,,,,,,,,,,,,,,,,,,,,4.208876757,,,,,5.222780379,,,,,6.617244276,,,,,7.83229718,,,,,9.420225602,,,,,11.4696985,,,
Mauritania,"Water productivity, total (constant 2010 US$ GDP per cubic meter of total freshwater withdrawal)",,,,,,,,,,,,,,,,,,,,,,,2.511813845,,,,,1.875827263,,,,,2.050255809,,,,,2.359533325,,,,,2.649867395,,,,,4.078028374,,,,,4.543743004,,,,,5.449658806,,,
Mauritius,"Water productivity, total (constant 2010 US$ GDP per cubic meter of total freshwater withdrawal)",,,,,,,,,,,,,,,,,,5.994944352,,,,,5.498882218,,,,,6.420075107,,,,,7.652982517,,,,,9.31048036,,,,,10.27961454,,,,,13.97212911,,,,,18.51473389,,,,,21.14490851,,,
Malawi,"Water productivity, total (constant 2010 US$ GDP per cubic meter of total freshwater withdrawal)",,,,,,,,,,,,,,,,,,,,,,,,,,,,,,,,,,,,,,3.705193918,,,,,3.160747061,,,,,4.116098766,,,,,5.479876879,,,,,6.676430761,,,
Malaysia,"Water productivity, total (constant 2010 US$ GDP per cubic meter of total freshwater withdrawal)",,,,,,,,,,,,,,,,,,,,,,,,,,,,,,,,,11.28321356,,,,,27.49169761,,,,,30.10876436,,,,,38.88157306,,,,,46.36134222,,,,,54.43193711,,,
North America,"Water productivity, total (constant 2010 US$ GDP per cubic meter of total freshwater withdrawal)",,,,,,,,,,,,,,,,,,,,,,,12.89894264,,,,,17.42830454,,,,,20.16032743,,,,,23.67653366,,,,,27.5152015,,,,,33.49717736,,,,,37.08142484,,,,,40.14304129,,,
Namibia,"Water productivity, total (constant 2010 US$ GDP per cubic meter of total freshwater withdrawal)",,,,,,,,,,,,,,,,,,,,,,,,,,,,27.17188484,,,,,22.83783586,,,,,23.67277536,,,,,27.04537333,,,,,36.61429406,,,,,44.13368872,,,,,51.25064439,,,
New Caledonia,"Water productivity, total (constant 2010 US$ GDP per cubic meter of total freshwater withdrawal)",,,,,,,,,,,,,,,,,,,,,,,,,,,,,,,,,,,,,,,,,,,,,,,,,,,,,,,,,,,,,
Niger,"Water productivity, total (constant 2010 US$ GDP per cubic meter of total freshwater withdrawal)",,,,,,,,,,,,,,,,,,,,,,,,,,,,,,,,,6.870471679,,,,,5.934833498,,,,,6.094171519,,,,,5.979399445,,,,,6.372199089,,,,,6.616929603,,,
Nigeria,"Water productivity, total (constant 2010 US$ GDP per cubic meter of total freshwater withdrawal)",,,,,,,,,,,,,,,,,,,,,,,,,,,,20.99284834,,,,,20.35929348,,,,,16.8559592,,,,,19.01925305,,,,,24.3175214,,,,,31.81076611,,,,,36.72583776,,,
Nicaragua,"Water productivity, total (constant 2010 US$ GDP per cubic meter of total freshwater withdrawal)",,,,,,,,,,,,,,,,,,,,,,,,,,,,,,,,,,,,,,,,,,,4.674989213,,,,,5.478294987,,,,,6.425754749,,,,,8.099883576,,,
Netherlands,"Water productivity, total (constant 2010 US$ GDP per cubic meter of total freshwater withdrawal)",,,,,,,,,,,,,,,,,,,,,,,45.31779543,,,,,53.88870974,,,,,72.34275611,,,,,92.38049229,,,,,79.21353202,,,,,77.57910789,,,,,79.36835347,,,,,115.6799642,,,
Norway,"Water productivity, total (constant 2010 US$ GDP per cubic meter of total freshwater withdrawal)",,,,,,,,,,,,,,,,,,,,,,,98.32495322,,,,,113.873777,,,,,117.8190919,,,,,141.6493735,,,,,148.6757629,,,,,142.4973722,,,,,162.7749198,,,,,179.5181685,,,
Nepal,"Water productivity, total (constant 2010 US$ GDP per cubic meter of total freshwater withdrawal)",,,,,,,,,,,,,,,,,,,,,,,,,,,,,,,,,,,,,,,,,,,1.199280302,,,,,1.449384645,,,,,1.825982525,,,,,2.266709276,,,
Nauru,"Water productivity, total (constant 2010 US$ GDP per cubic meter of total freshwater withdrawal)",,,,,,,,,,,,,,,,,,,,,,,,,,,,,,,,,,,,,,,,,,,,,,,,,,,,,,,,,,,,,
New Zealand,"Water productivity, total (constant 2010 US$ GDP per cubic meter of total freshwater withdrawal)",,,,,,,,,,,,,,,,,,,,,,,49.44888863,,,,,40.26608643,,,,,33.17362831,,,,,34.94235798,,,,,31.46472147,,,,,29.32769051,,,,,20.35535299,,,,,18.31397049,,,
OECD members,"Water productivity, total (constant 2010 US$ GDP per cubic meter of total freshwater withdrawal)",,,,,,,,,,,,,29.53929297,,,,,29.15302073,,,,,21.25874528,,,,,25.80299774,,,,,29.70668294,,,,,33.61900845,,,,,37.58954848,,,,,44.38672934,,,,,46.81314929,,,,,50.9638547,,,
Oman,"Water productivity, total (constant 2010 US$ GDP per cubic meter of total freshwater withdrawal)",,,,,,,,,,,,,,,,,,,,,,,,,,,,,,,,,25.26183117,,,,,31.04757428,,,,,34.87540731,,,,,35.69779061,,,,,40.08997875,,,,,45.87999814,,,
Other small states,"Water productivity, total (constant 2010 US$ GDP per cubic meter of total freshwater withdrawal)",,,,,,,,,,,,,,,,,,,,,,,13.96039808,,,,,20.86833608,,,,,28.46095658,,,,,24.33527727,,,,,35.04741668,,,,,38.84139562,,,,,50.1157262,,,,,56.79156266,,,
Pakistan,"Water productivity, total (constant 2010 US$ GDP per cubic meter of total freshwater withdrawal)",,,,,,,,,,,,,,,,,,0.227201134,,,,,0.321319179,,,,,0.433626301,,,,,0.570022475,,,,,0.63114774,,,,,0.70775733,,,,,0.916347677,,,,,1.002868264,,,,,1.200981076,,,
Panama,"Water productivity, total (constant 2010 US$ GDP per cubic meter of total freshwater withdrawal)",,,,,,,,,,,,,,,,,,,,,,,,,,,,,,,,,,,,,,,,,,,,,,,,,,,,,31.13345984,,,,,39.08813131,,,
Peru,"Water productivity, total (constant 2010 US$ GDP per cubic meter of total freshwater withdrawal)",,,,,,,,,,,,,,,,,,,,,,,,,,,,,,,,,,,,,,,,,,,,,,,,,,,,,11.22136134,,,,,12.32490072,,,
Philippines,"Water productivity, total (constant 2010 US$ GDP per cubic meter of total freshwater withdrawal)",,,,,,,,,,,,,,,,,,,,,,,,,,,,,,,,,,,,,,,,,,,,,,,,2.250312696,,,,,2.745867223,,,,,3.45023504,,,
Palau,"Water productivity, total (constant 2010 US$ GDP per cubic meter of total freshwater withdrawal)",,,,,,,,,,,,,,,,,,,,,,,,,,,,,,,,,,,,,,,,,,,,,,,,,,,,,,,,,,,,,
Papua New Guinea,"Water productivity, total (constant 2010 US$ GDP per cubic meter of total freshwater withdrawal)",,,,,,,,,,,,,,,,,,,,,,,,,,,,,,,,,,,,,,,,,,,29.97113821,,,,,30.992595,,,,,38.45859157,,,,,52.77430367,,,
Poland,"Water productivity, total (constant 2010 US$ GDP per cubic meter of total freshwater withdrawal)",,,,,,,,,,,,,,,,,,,,,,,,,,,,,,,,,16.14803825,,,,,22.31837618,,,,,28.82426796,,,,,35.91217238,,,,,44.40476788,,,,,59.53422269,,,
Pre-demographic dividend,"Water productivity, total (constant 2010 US$ GDP per cubic meter of total freshwater withdrawal)",,,,,,,,,,,,,,,,,,0.636386791,,,,,1.314028519,,,,,3.986601583,,,,,4.067343114,,,,,4.196005332,,,,,4.265242366,,,,,6.028873343,,,,,7.505663172,,,,,9.201384542,,,
Puerto Rico,"Water productivity, total (constant 2010 US$ GDP per cubic meter of total freshwater withdrawal)",,,,,,,,,,,,,,,,,,,,,,,,,,,,,,,,,80.97262084,,,,,95.56846918,,,,,108.1673708,,,,,102.0537573,,,,,102.1217356,,,,,104.7410101,,,
"Korea, Dem. People’s Rep.","Water productivity, total (constant 2010 US$ GDP per cubic meter of total freshwater withdrawal)",,,,,,,,,,,,,,,,,,,,,,,,,,,,,,,,,,,,,,,,,,,,,,,,,,,,,,,,,,,,,
Portugal,"Water productivity, total (constant 2010 US$ GDP per cubic meter of total freshwater withdrawal)",,,,,,,,,,,,,,,,,,,,,,,,,,,,,,,,,17.43335375,,,,,16.71291179,,,,,20.19294994,,,,,26.30496437,,,,,24.53074951,,,,,26.33152733,,,
Paraguay,"Water productivity, total (constant 2010 US$ GDP per cubic meter of total freshwater withdrawal)",,,,,,,,,,,,,,,,,,,,,,,,,,,,29.54583966,,,,,34.80485299,,,,,41.39836864,,,,,22.86874083,,,,,13.9144886,,,,,11.69482647,,,,,15.00440472,,,
West Bank and Gaza,"Water productivity, total (constant 2010 US$ GDP per cubic meter of total freshwater withdrawal)",,,,,,,,,,,,,,,,,,,,,,,,,,,,,,,,,,,,,,,,,,20.96494188,,,,18.71393287,,,,,,,,,,,,,,,
Pacific island small states,"Water productivity, total (constant 2010 US$ GDP per cubic meter of total freshwater withdrawal)",,,,,,,,,,,,,,,,,,,,,,,,,,,,61.93467745,,,,,44.12593825,,,,,35.57761504,,,,,34.11450424,,,,,36.06164178,,,,,38.52750919,,,,,48.06182693,,,
Post-demographic dividend,"Water productivity, total (constant 2010 US$ GDP per cubic meter of total freshwater withdrawal)",,,,,,,,,,,,,29.47599959,,,,,29.20969225,,,,,21.65658042,,,,,26.56214368,,,,,31.44121208,,,,,35.67714557,,,,,40.78692084,,,,,49.12189365,,,,,52.67874023,,,,,57.92676829,,,
French Polynesia,"Water productivity, total (constant 2010 US$ GDP per cubic meter of total freshwater withdrawal)",,,,,,,,,,,,,,,,,,,,,,,,,,,,,,,,,,,,,,,,,,,,,,,,,,,,,,,,,,,,,
Qatar,"Water productivity, total (constant 2010 US$ GDP per cubic meter of total freshwater withdrawal)",,,,,,,,,,,,,,,,,,,,,,,,,,,,,,,,,,,,,,,,,,,214.9461449,,,,,352.5158879,,,,,603.8102763,,,,,700.4414447,,,
Romania,"Water productivity, total (constant 2010 US$ GDP per cubic meter of total freshwater withdrawal)",,,,,,,,,,,,,,,,,,,,,,,,,,,,,,,,,4.936327255,,,,,8.824106167,,,,,13.26038923,,,,,24.34200375,,,,,26.67970219,,,,,31.75853749,,,
Russian Federation,"Water productivity, total (constant 2010 US$ GDP per cubic meter of total freshwater withdrawal)",,,,,,,,,,,,,,,,,,,,,,,,,,,,,,,,,11.53927247,,,,,11.84206127,,,,,15.92153301,,,,,23.65518619,,,,,25.85143792,,,,,26.33297396,,,
Rwanda,"Water productivity, total (constant 2010 US$ GDP per cubic meter of total freshwater withdrawal)",,,,,,,,,,,,,,,,,,,,,,,,,,,,,,,,,,,,,,,,,,,20.91640219,,,,,26.26919835,,,,,39.05838016,,,,,52.08462306,,,
South Asia,"Water productivity, total (constant 2010 US$ GDP per cubic meter of total freshwater withdrawal)",,,,,,,,,,,,,,,,,,0.559008722,,,,,0.606830305,,,,,0.737015081,,,,,0.946877644,,,,,1.142530128,,,,,1.316226194,,,,,1.733841679,,,,,2.500076848,,,,,3.465789867,,,
Saudi Arabia,"Water productivity, total (constant 2010 US$ GDP per cubic meter of total freshwater withdrawal)",,,,,,,,,,,,,,,,,,,,,,,,,,,,,,,,,21.80640037,,,,,19.73885564,,,,,17.89332232,,,,,21.50867766,,,,,28.35100203,,,,,32.30905213,,,
Sudan,"Water productivity, total (constant 2010 US$ GDP per cubic meter of total freshwater withdrawal)",,,,,,,,,,,,,,,,,,,,,,,,,,,,,,,,,,,,,,,,,,,,,,,,,,,,,2.12810132,,,,,2.524778544,,,
Senegal,"Water productivity, total (constant 2010 US$ GDP per cubic meter of total freshwater withdrawal)",,,,,,,,,,,,,,,,,,,,,,,,,,,,5.77636233,,,,,5.781387189,,,,,6.116898633,,,,,5.178600221,,,,,6.642587666,,,,,7.794101304,,,,,10.38170436,,,
Singapore,"Water productivity, total (constant 2010 US$ GDP per cubic meter of total freshwater withdrawal)",,,,,,,,,,,,,,,,,,77.06724647,,,,,58.20591888,,,,,50.7793371,,,,,58.43270765,,,,,72.01170582,,,,,69.06714779,,,,,108.6058376,,,,,277.4271262,,,,,654.3887222,,,
Solomon Islands,"Water productivity, total (constant 2010 US$ GDP per cubic meter of total freshwater withdrawal)",,,,,,,,,,,,,,,,,,,,,,,,,,,,,,,,,,,,,,,,,,,,,,,,,,,,,,,,,,,,,
Sierra Leone,"Water productivity, total (constant 2010 US$ GDP per cubic meter of total freshwater withdrawal)",,,,,,,,,,,,,,,,,,,,,,,,,,,,5.011831011,,,,,11.80025943,,,,,7.877684159,,,,,8.27700968,,,,,10.60373917,,,,,14.87717377,,,,,16.47825604,,,
El Salvador,"Water productivity, total (constant 2010 US$ GDP per cubic meter of total freshwater withdrawal)",,,,,,,,,,,,,,,,,,,,,,,,,,,,,,,,,16.82975498,,,,,13.05982924,,,,,9.615329784,,,,,8.493875238,,,,,9.296874165,,,,,10.37938105,,,
San Marino,"Water productivity, total (constant 2010 US$ GDP per cubic meter of total freshwater withdrawal)",,,,,,,,,,,,,,,,,,,,,,,,,,,,,,,,,,,,,,,,,,,,,,,,,,,,,,,,,,,,,
Somalia,"Water productivity, total (constant 2010 US$ GDP per cubic meter of total freshwater withdrawal)",,,,,,,,,,,,,,,,,,,,,,,,,,,,,,,,,,,,,,,,,,,,,,,,,,,,,,,,,,,,,
Serbia,"Water productivity, total (constant 2010 US$ GDP per cubic meter of total freshwater withdrawal)",,,,,,,,,,,,,,,,,,,,,,,,,,,,,,,,,,,,,,,,,,,,,,,,10.20699287,,,,,9.625302667,,,,,8.572659432,,,
Sub-Saharan Africa (excluding high income),"Water productivity, total (constant 2010 US$ GDP per cubic meter of total freshwater withdrawal)",,,,,,,,,,,,,27.94442326,,,,,19.97109892,,,,,7.03371108,,,,,8.554666593,,,,,10.54307945,,,,,10.77598156,,,,,10.78385073,,,,,13.3662716,,,,,12.949165,,,,,14.17005915,,,
South Sudan,"Water productivity, total (constant 2010 US$ GDP per cubic meter of total freshwater withdrawal)",,,,,,,,,,,,,,,,,,,,,,,,,,,,,,,,,,,,,,,,,,,,,,,,,,,,,11.41001441,,,,,,,,
Sub-Saharan Africa,"Water productivity, total (constant 2010 US$ GDP per cubic meter of total freshwater withdrawal)",,,,,,,,,,,,,27.94442326,,,,,13.57457869,,,,,6.80681565,,,,,8.520901446,,,,,10.52084808,,,,,10.77112171,,,,,10.78784702,,,,,13.38012691,,,,,12.98524721,,,,,14.21451137,,,
Small states,"Water productivity, total (constant 2010 US$ GDP per cubic meter of total freshwater withdrawal)",,,,,,,,,,,,,,,,,,17.20576533,,,,,15.47716496,,,,,19.42759791,,,,,18.35833609,,,,,17.66324058,,,,,24.04640036,,,80.68695569,,29.36231432,,,,,36.54670675,,59.83817905,,,41.51192896,,,
Sao Tome and Principe,"Water productivity, total (constant 2010 US$ GDP per cubic meter of total freshwater withdrawal)",,,,,,,,,,,,,,,,,,,,,,,,,,,,,,,,,,,,,,,,,,,6.148599023,,,,,6.020175283,,,,,6.049301202,,,,,6.499286703,,,
Suriname,"Water productivity, total (constant 2010 US$ GDP per cubic meter of total freshwater withdrawal)",,,,,,,,,,,,,,,,,,,,,,,,,,,,4.997240745,,,,,4.701864783,,,,,4.213205523,,,,,4.430924899,,,,,6.28634509,,,,,7.709565508,,,,,7.385149237,,,
Slovak Republic,"Water productivity, total (constant 2010 US$ GDP per cubic meter of total freshwater withdrawal)",,,,,,,,,,,,,,,,,,,,,,,,,,,,,,,,,,,,,,40.3639478,,,,,54.83754109,,,,,124.233632,,,,,142.2573198,,,,,193.9095519,,,
Slovenia,"Water productivity, total (constant 2010 US$ GDP per cubic meter of total freshwater withdrawal)",,,,,,,,,,,,,,,,,,,,,,,,,,,,,,,,,,,,,,,,,,,43.77141189,,,,,53.08936452,,,,,50.9632983,,,,,57.08319266,,,
Sweden,"Water productivity, total (constant 2010 US$ GDP per cubic meter of total freshwater withdrawal)",,,,,,,,,,,,,54.02258435,,,,,58.74527096,,,,,72.49897372,,,,,102.6005958,,,,,106.2875565,,,,,129.1001742,,,,,154.48193,,,,,186.8452343,,,,,198.4260475,,,,,243.3634716,,,
Eswatini,"Water productivity, total (constant 2010 US$ GDP per cubic meter of total freshwater withdrawal)",,,,,,,,,,,,,,,,,,,,,,,1.612391884,,,,,2.032150867,,,,,2.771536438,,,,,2.962966649,,,,,3.141942188,,,,,3.910415085,,,,,4.47866497,,,,,4.94865192,,,
Sint Maarten (Dutch part),"Water productivity, total (constant 2010 US$ GDP per cubic meter of total freshwater withdrawal)",,,,,,,,,,,,,,,,,,,,,,,,,,,,,,,,,,,,,,,,,,,,,,,,,,,,,,,,,,,,,
Seychelles,"Water productivity, total (constant 2010 US$ GDP per cubic meter of total freshwater withdrawal)",,,,,,,,,,,,,,,,,,,,,,,,,,,,,,,,,49.04899296,,,,,61.32460499,,,,,69.29960301,,,,,83.75801029,,,,,93.82255398,,,,,119.0503545,,,
Syrian Arab Republic,"Water productivity, total (constant 2010 US$ GDP per cubic meter of total freshwater withdrawal)",,,,,,,,,,,,,,,,,,,,,,,,,,,,,,,,,,,,,,,,,,,,,,,,,,,,,,,,,,,,,
Turks and Caicos Islands,"Water productivity, total (constant 2010 US$ GDP per cubic meter of total freshwater withdrawal)",,,,,,,,,,,,,,,,,,,,,,,,,,,,,,,,,,,,,,,,,,,,,,,,,,,,,,,,,,,,,
Chad,"Water productivity, total (constant 2010 US$ GDP per cubic meter of total freshwater withdrawal)",,,,,,,,,,,,,,,,,,,,,,,,,,,,14.67826839,,,,,8.791802099,,,,,5.72096619,,,,,5.432022642,,,,,9.945202702,,,,,13.21661094,,,,,13.95716753,,,
East Asia & Pacific (IDA & IBRD countries),"Water productivity, total (constant 2010 US$ GDP per cubic meter of total freshwater withdrawal)",,,,,,,,,,,,,,,,,,,,,,,0.847792657,,,,,1.279480873,,,,,2.203917291,,,,,3.336533013,,,,,4.287316624,,,,,6.137341713,,,,,8.580154043,,,,,11.57529038,,,
Europe & Central Asia (IDA & IBRD countries),"Water productivity, total (constant 2010 US$ GDP per cubic meter of total freshwater withdrawal)",,,,,,,,,,,,,,,,,,,,,,,,,,,,,,,,,9.541643672,,,,,6.526212304,,,,,8.375262138,,,,,12.06301515,,,,,13.50097227,,,,,14.62389761,,,
Togo,"Water productivity, total (constant 2010 US$ GDP per cubic meter of total freshwater withdrawal)",,,,,,,,,,,,,,,,,,,,,,,,,,,,21.99821603,,,,,17.42554446,,,,,18.27759525,,,,,17.04031466,,,,,13.19796583,,,,,17.43340956,,,,,22.82436017,,,
Thailand,"Water productivity, total (constant 2010 US$ GDP per cubic meter of total freshwater withdrawal)",,,,,,,,,,,,,,,,,,,,,,,,,,,,,,,,,,,,,,,,,,,,,,,,5.480203229,,,,,6.436973445,,,,,7.409830267,,,
Tajikistan,"Water productivity, total (constant 2010 US$ GDP per cubic meter of total freshwater withdrawal)",,,,,,,,,,,,,,,,,,,,,,,,,,,,,,,,,,,,,,0.188365366,,,,,0.272651287,,,,,0.425305234,,,,,0.609973502,,,,,0.873435399,,,
Turkmenistan,"Water productivity, total (constant 2010 US$ GDP per cubic meter of total freshwater withdrawal)",,,,,,,,,,,,,,,,,,,,,,,,,,,,,,,,,,,,,,0.336806952,,,,,0.432640751,,,,,0.609851622,,,,,1.032768778,,,,,1.512111928,,,
Latin America & the Caribbean (IDA & IBRD countries),"Water productivity, total (constant 2010 US$ GDP per cubic meter of total freshwater withdrawal)",,,,,,,,17.56058645,,,,,32.79276421,,,,,12.84548566,,,,,10.98789934,,,,,16.88024574,,,,,14.85080016,,,,,15.8382416,,,,,14.85062762,,,80.68695569,,16.21122148,,,,,17.35834002,,59.83817905,,,17.96213456,,,
Timor-Leste,"Water productivity, total (constant 2010 US$ GDP per cubic meter of total freshwater withdrawal)",,,,,,,,,,,,,,,,,,,,,,,,,,,,,,,,,,,,,,,,,,,,,,,,0.561323952,,,,,0.844027487,,,,,0.918340664,,,
Middle East & North Africa (IDA & IBRD countries),"Water productivity, total (constant 2010 US$ GDP per cubic meter of total freshwater withdrawal)",,,,,,,,,,,,,20.11397524,,,,,3.272393924,,,,,2.799147915,,,,,2.741216109,,,,,3.046682651,,,,,3.000093447,,,,,3.539319286,,,,,4.661167464,,,,,5.713881392,,,,,6.664757269,,,
Tonga,"Water productivity, total (constant 2010 US$ GDP per cubic meter of total freshwater withdrawal)",,,,,,,,,,,,,,,,,,,,,,,,,,,,,,,,,,,,,,,,,,,,,,,,,,,,,,,,,,,,,
South Asia (IDA & IBRD),"Water productivity, total (constant 2010 US$ GDP per cubic meter of total freshwater withdrawal)",,,,,,,,,,,,,,,,,,0.559008722,,,,,0.606830305,,,,,0.737015081,,,,,0.946877644,,,,,1.142530128,,,,,1.316226194,,,,,1.733841679,,,,,2.500076848,,,,,3.465789867,,,
Sub-Saharan Africa (IDA & IBRD countries),"Water productivity, total (constant 2010 US$ GDP per cubic meter of total freshwater withdrawal)",,,,,,,,,,,,,27.94442326,,,,,13.57457869,,,,,6.80681565,,,,,8.520901446,,,,,10.52084808,,,,,10.77112171,,,,,10.78784702,,,,,13.38012691,,,,,12.98524721,,,,,14.21451137,,,
Trinidad and Tobago,"Water productivity, total (constant 2010 US$ GDP per cubic meter of total freshwater withdrawal)",,,,,,,,,,,,,,,,,,,,,,,,,,,,,,,,,,,,,,33.43818323,,,,,42.71552984,,,,,68.20750159,,,,,66.54757656,,,,,62.83025006,,,
Tunisia,"Water productivity, total (constant 2010 US$ GDP per cubic meter of total freshwater withdrawal)",,,,,,,,,,,,,,,,,,7.56366875,,,,,6.585455342,,,,,6.392391314,,,,,6.893640785,,,,,9.073445364,,,,,10.85292653,,,,,13.66710305,,,,,12.92868519,,,,,10.41536751,,,
Turkey,"Water productivity, total (constant 2010 US$ GDP per cubic meter of total freshwater withdrawal)",,,,,,,,,,,,,,,,,,,,,,,,,,,,,,,,,12.229103,,,,,14.130895,,,,,13.1708238,,,,,18.00853473,,,,,17.92438894,,,,,20.23842545,,,
Tuvalu,"Water productivity, total (constant 2010 US$ GDP per cubic meter of total freshwater withdrawal)",,,,,,,,,,,,,,,,,,,,,,,,,,,,,,,,,,,,,,,,,,,,,,,,,,,,,,,,,,,,,
Tanzania,"Water productivity, total (constant 2010 US$ GDP per cubic meter of total freshwater withdrawal)",,,,,,,,,,,,,,,,,,,,,,,,,,,,,,,,,,,,,,5.20473415,,,,,3.723584325,,,,,5.220063355,,,,,6.948621771,,,,,9.594274841,,,
Uganda,"Water productivity, total (constant 2010 US$ GDP per cubic meter of total freshwater withdrawal)",,,,,,,,,,,,,,,,,,,,,,,21.10978665,,,,,20.67606584,,,,,25.64770851,,,,,35.21566459,,,,,41.23963235,,,,,36.63488557,,,,,47.35970433,,,,,58.99651092,,,
Ukraine,"Water productivity, total (constant 2010 US$ GDP per cubic meter of total freshwater withdrawal)",,,,,,,,,,,,,,,,,,,,,,,,,,,,,,,,,6.545603703,,,,,4.071787104,,,,,6.043541311,,,,,10.02195665,,,,,11.16853774,,,,,14.70388131,,,
Upper middle income,"Water productivity, total (constant 2010 US$ GDP per cubic meter of total freshwater withdrawal)",,,,,,,,,,,,,38.51955239,,,,,6.477821066,,,,,2.583774102,,,,,4.420512857,,,,,5.823565477,,,,,6.487097114,,,,,7.536536997,,,80.68695569,,9.977233841,,,,,12.18939807,,59.83817905,,,14.55994907,,,
Uruguay,"Water productivity, total (constant 2010 US$ GDP per cubic meter of total freshwater withdrawal)",,,,,,,,17.56058645,,,,,12.52673424,,,,,10.76334918,,,,,9.305243541,,,,,8.17633414,,,,,8.042275359,,,,,8.739156939,,,,,7.243964062,,,,,9.138546089,,,,,11.98440845,,,,,13.55633343,,,
United States,"Water productivity, total (constant 2010 US$ GDP per cubic meter of total freshwater withdrawal)",,,,,,,,,,,,,,,,,,,,,,,12.89894264,,,,,17.01146357,,,,,19.94045916,,,,,23.50876126,,,,,27.26716298,,,,,33.03041227,,,,,36.28355066,,,,,39.16277111,,,
Uzbekistan,"Water productivity, total (constant 2010 US$ GDP per cubic meter of total freshwater withdrawal)",,,,,,,,,,,,,,,,,,,,,,,,,,,,,,,,,,,,,,0.39881244,,,,,0.496943623,,,,,0.744733896,,,,,1.076811981,,,,,1.259460861,,,
St. Vincent and the Grenadines,"Water productivity, total (constant 2010 US$ GDP per cubic meter of total freshwater withdrawal)",,,,,,,,,,,,,,,,,,,,,,,,,,,,,,,,,,,,,,47.62198834,,,,,58.82696906,,,,,77.88416721,,,,,84.90681879,,,,,93.57398061,,,
"Venezuela, RB","Water productivity, total (constant 2010 US$ GDP per cubic meter of total freshwater withdrawal)",,,,,,,,,,,,,38.51955239,,,,,41.79888767,,,,,34.7358864,,,,,32.99775522,,,,,35.35429255,,,,,34.51225967,,,,,20.90223553,,,,,17.31424851,,,,,19.12632155,,,,,,,,
British Virgin Islands,"Water productivity, total (constant 2010 US$ GDP per cubic meter of total freshwater withdrawal)",,,,,,,,,,,,,,,,,,,,,,,,,,,,,,,,,,,,,,,,,,,,,,,,,,,,,,,,,,,,,
Virgin Islands (U.S.),"Water productivity, total (constant 2010 US$ GDP per cubic meter of total freshwater withdrawal)",,,,,,,,,,,,,,,,,,,,,,,,,,,,,,,,,,,,,,,,,,,,,,,,,,,,,,,,,,,,,
Vietnam,"Water productivity, total (constant 2010 US$ GDP per cubic meter of total freshwater withdrawal)",,,,,,,,,,,,,,,,,,,,,,,,,,,,0.519813743,,,,,0.610201172,,,,,0.786189154,,,,,0.909577896,,,,,1.194905984,,,,,1.583509159,,,,,2.141214252,,,
Vanuatu,"Water productivity, total (constant 2010 US$ GDP per cubic meter of total freshwater withdrawal)",,,,,,,,,,,,,,,,,,,,,,,,,,,,,,,,,,,,,,,,,,,,,,,,,,,,,,,,,,,,,
World,"Water productivity, total (constant 2010 US$ GDP per cubic meter of total freshwater withdrawal)",,,,,,,,,,,,,29.49635667,,,,,5.008294973,,,,,9.196083275,,,,,10.92741965,,,,,12.63441311,,,,,13.52546723,,,,20.96494188,14.73265059,,,20.19654107,,16.68234689,,,,,18.2376064,,59.83817905,,,20.61141524,,,
Samoa,"Water productivity, total (constant 2010 US$ GDP per cubic meter of total freshwater withdrawal)",,,,,,,,,,,,,,,,,,,,,,,,,,,,,,,,,,,,,,,,,,,,,,,,,,,,,,,,,,,,,
Kosovo,"Water productivity, total (constant 2010 US$ GDP per cubic meter of total freshwater withdrawal)",,,,,,,,,,,,,,,,,,,,,,,,,,,,,,,,,,,,,,,,,,,,,,,,,,,,,,,,,,,,,
"Yemen, Rep.","Water productivity, total (constant 2010 US$ GDP per cubic meter of total freshwater withdrawal)",,,,,,,,,,,,,,,,,,,,,,,,,,,,,,,,,4.472578442,,,,,5.360029997,,,,,6.350783914,,,,,7.477136404,,,,,7.748258082,,,,,5.02169842,,,
South Africa,"Water productivity, total (constant 2010 US$ GDP per cubic meter of total freshwater withdrawal)",,,,,,,,,,,,,,,,,,,,,,,,,,,,,,,,,16.4543342,,,,,19.39165311,,,,,22.21376728,,,,,27.64097343,,,,,29.0007414,,,,,21.98954553,,,
Zambia,"Water productivity, total (constant 2010 US$ GDP per cubic meter of total freshwater withdrawal)",,,,,,,,,,,,,,,,,,,,,,,,,,,,,,,,,4.716697756,,,,,5.51040466,,,,,6.918800364,,,,,9.929340407,,,,,14.64289437,,,,,17.80536619,,,
Zimbabwe,"Water productivity, total (constant 2010 US$ GDP per cubic meter of total freshwater withdrawal)",,,,,,,,,,,,,,,,,,,,,,,,,,,,9.796757587,,,,,6.271781298,,,,,5.421923131,,,,,3.783903878,,,,,3.056017428,,,,,4.635715585,,,,,5.386517974,,,